NFIA	0.39616775687330474
PDS5B	0.3808253791647558
FAF1	0.37358135946946214
PRKDC	0.3700074615796144
PKIA	0.3635076799560222
CDKAL1	0.358811902835911
RBBP8	0.35577595422099895
ENAH	0.35342444334798306
PSIP1	0.3494302507861573
RNF24	0.3488529523757941
KIF21A	0.34453287330043525
GMPS	0.3411764055938351
RTN3	0.34097656178090596
AUTS2	0.33988685450234957
ANKRD10	0.3353492101941803
NIPSNAP2	0.33496010637552326
RAB3IP	0.33224912175016863
EPB41	0.33205521080642986
MNAT1	0.33047895978209835
VRK1	0.32958350392152014
ZFHX3	0.32903500384093276
CHD7	0.3266975348784921
ZC2HC1A	0.3255926568022297
GSE1	0.3255274331837736
PCM1	0.32416078965948175
TFDP2	0.32283263599633927
SHTN1	0.31809188722173676
TMEM14B	0.3180654778547899
ATRX	0.3164824766883139
HDAC2	0.31577949267304234
KATNAL1	0.31419099788070903
DPYSL2	0.3132970590962411
MTHFD1	0.3127428296782716
HACD3	0.31021176672389916
MSH2	0.30957906482874153
TPD52	0.307898480209444
SPIN1	0.3061826061620628
CBFA2T2	0.30550702198784135
EPB41L3	0.30412394005800825
DAAM1	0.304015155588869
SRPK1	0.30372361702553435
NAV1	0.3034681677800816
LPGAT1	0.3014159686622979
QRSL1	0.300359419673725
SMAD2	0.2991556172229613
RERE	0.2976822330597259
ZYG11B	0.2962497648117653
BAZ1B	0.2956921791899484
MICU2	0.29497773275977135
RRM1	0.29365445830782855
FYN	0.2933749990485416
NAV2	0.2923809862058431
SORT1	0.2918141934685439
ZC3H14	0.2912813408999126
RSRC1	0.29123511745166636
ZBTB20	0.29014932278266664
PSD3	0.28868924363676995
TOPBP1	0.28832024062927614
CARMIL1	0.2871084144458334
SPATS2L	0.2865528774663118
PBX3	0.2862395712193407
CD44	0.2858191158202818
CERS6	0.2846883750069513
TCTEX1D2	0.2838503025101312
HDGFL3	0.28318832086000184
ANXA1	0.2830016182628537
SYNE2	0.28289846001113717
MAP1B	0.2818134818891233
TUBGCP3	0.2809312455167663
TFDP1	0.28077276274576296
MTF2	0.28021134524787106
CKLF	0.27991498157008227
GLO1	0.2796148667797026
TSPAN5	0.27928186908216596
SUPT16H	0.2792642399378921
CCP110	0.2786379999629993
PRKACB	0.2765068884546614
SMC1A	0.275467943960758
CLSTN1	0.27534659587188326
PHACTR1	0.27491324437139836
FAR1	0.2739064260512398
ASAP2	0.2735476506414355
EZH2	0.2716813213161396
MLLT3	0.27147151219429927
GGCT	0.2711666151157506
CRYBG1	0.27078492921965314
IDH2	0.27057533282194324
BCL7C	0.27033030041586986
PLEKHA5	0.27028864785544576
SNX9	0.27018222112614615
MCM3	0.26956412289763604
RPS6KA5	0.2692929367089991
CASK	0.2691451145940673
ARMC1	0.26762373201008743
SYNCRIP	0.26722337299167065
DNMT1	0.2671356368354878
TUSC3	0.2670632833151615
SLC38A1	0.26644837651391023
OXCT1	0.26625534657150324
UPF3A	0.26597068075479036
POLD3	0.2648128417849705
USP1	0.2647627162356205
MBD2	0.2632330026484123
KLHL24	0.26316548498282877
ACTN4	0.26225365781709614
RALGAPA2	0.26180793570783695
FTH1	0.26178767204245507
GALNT1	0.26143373401657183
SKA2	0.2610529748257984
ICA1	0.26057547367126743
NDUFAF6	0.2604379328624325
ACADM	0.2595549858965732
IMPA2	0.25782955412115294
CD24	0.2574794773571541
BAZ1A	0.25641367738916415
DNAJC3	0.2554807414865475
CTNNBIP1	0.2552638905344032
GKAP1	0.25405700085808974
PPM1G	0.25311867149085127
MRPS28	0.25293395338270663
ANP32B	0.2527045490785741
NETO2	0.2517043792165558
USP12	0.25122566669177365
CTPS1	0.2506622020220719
GYPC	0.24974105572646108
AP1S2	0.2492136442960181
ELL2	0.24905455625287723
CAMTA1	0.24881084938294404
NFIX	0.24802430056502375
GGH	0.2477969120942558
HLTF	0.24774191709297494
TNIK	0.24720874138440596
NEDD4L	0.24598279377487617
PAWR	0.24500864667640618
GTF3A	0.2448517888686833
UBR7	0.24374935547563845
LMNB1	0.24347278464483788
PAM	0.24261397641305585
PDE7A	0.24250896910896008
PSMG2	0.24250637300815917
MBNL2	0.2423483914290292
VCL	0.24207494907931235
ACTG1	0.24143378991977937
HMGN3	0.24033951612942245
CEP78	0.24003067113770166
FNDC3B	0.23988184236799223
ATAD2	0.23987909578996944
RUNX1	0.23981134176916746
LPP	0.23919099465755161
ATG5	0.2391520170830935
TMEM87A	0.23883245586871593
IQGAP1	0.23874980233227952
SKAP2	0.23874662595737167
ARHGEF7	0.23870218455263437
STX2	0.23845439087944914
ZEB2	0.23806797259937543
NSD3	0.23768862482098602
PPFIBP1	0.2376396215620811
PALLD	0.23754017188668203
TMOD3	0.23728878897759417
TMX1	0.23679976803280675
RETREG1	0.23654671159662102
CDCA4	0.23619021119691191
RPA1	0.2355289274796221
CUL4A	0.23473675935136082
MIS18BP1	0.23416066706212454
ACYP1	0.23407982898173463
SVIL	0.23395345690321026
IFI16	0.23379927617002447
KHDRBS3	0.2332971095736541
NUP58	0.23327990889045427
BASP1	0.23273492814229446
DUT	0.23261941403895628
ALCAM	0.23243627392877975
EMP2	0.23196725688085607
RBMS1	0.23164861947165374
VKORC1	0.23160701691367716
CDK5RAP2	0.23143411779660866
ELF1	0.2310912068369293
LRR1	0.23060689438270116
CEP192	0.23038383646914865
AHR	0.22951958664153846
BARD1	0.22877382666412874
STK17A	0.22813456633795162
GPR180	0.22787207673412627
SMCHD1	0.2278117710387945
SOD2	0.22762315124219498
SNX10	0.22759660492860398
PRKCI	0.22749197412908145
SSBP4	0.22660324138253196
S100A6	0.2262516095698207
INSR	0.22593237085812953
TMPO	0.22555302748451628
KPNA4	0.2255288528165692
HP1BP3	0.22552032009467599
MGME1	0.22543686174403343
SMC2	0.22517720759175758
IBTK	0.22472999906743538
HSPB11	0.22412634719745625
MTSS1	0.22404908332846143
TES	0.22357640850421828
RFC1	0.22293408877277263
B2M	0.22273805315304432
DBI	0.2224421338738072
FMNL2	0.2223285250532321
TRPS1	0.221921814529348
GOLIM4	0.22163261322821018
MCM5	0.2205124013808279
EZR	0.22032530713976256
NUSAP1	0.2202973211015158
ATXN1	0.2195194367600009
BRCA2	0.21950284675058004
WEE1	0.21948812715995958
MYCBP2	0.21943125033397842
SAT1	0.2192778106394868
PCNT	0.21840646466327104
CTNND1	0.21840436177113726
CCDC112	0.21789713182052795
NUCKS1	0.21779226985435643
SPIRE1	0.2177044257132227
RNF138	0.2175573693369109
PALM2-AKAP2	0.2175307691512245
ZFAS1	0.21737476858619734
TACC3	0.21721885290734272
PGM2L1	0.2170079684856445
SMC4	0.216810778844465
ACTN1	0.21680213962835437
SMAD3	0.21619372950093177
FDPS	0.21545444802138344
YBX3	0.21537227044944365
IL6ST	0.21519840899955903
RRAGD	0.21495428426360352
RAB31	0.21491540210503504
IPO7	0.2148388593442501
HMGB2	0.2147236680020415
DEK	0.21459045208852814
MYL6	0.21391730567010944
PHC2	0.21387937003198676
SSH1	0.2137292900203564
PRPS2	0.21372571065475335
GNG12	0.21327946283239085
CALD1	0.2126930778491203
CAB39	0.21262708791924373
MYLIP	0.21231072087343278
OCIAD2	0.2122921233423199
CD2AP	0.21194678782969784
PGM3	0.21148526531690787
MLLT11	0.21146494413394895
ABHD13	0.2110527117873639
DNAJC1	0.21074438301171802
CHIC2	0.21061114913359674
AKR7A2	0.2095828172571597
EIF5	0.20923246072500284
NDUFC2	0.20913430201514982
BBX	0.20896624932013055
SELENOM	0.20811793780232407
GCLM	0.20757593307771974
KLF6	0.2075076667356673
HAUS1	0.2072950063068322
TTF2	0.20654984422613049
RHOQ	0.20625706283159187
PEAK1	0.20572659947573488
HIF1A	0.2052813512298271
PTPRE	0.20509136492793634
TEX30	0.20458021590653033
CSGALNACT2	0.20457736437595986
MYO6	0.20452307847927925
NRP2	0.20422413841508277
ERCC5	0.2041285173233222
JUP	0.20401371962228587
TXNRD1	0.2039645914923818
TIPARP	0.2038750790927815
RAB11FIP1	0.20373019324379732
NR3C1	0.20358727102892957
MAL2	0.20318960074867984
PPP3CC	0.20309197819689506
TJP1	0.20300360018774566
CAMK2D	0.20300083322383752
ITGB8	0.20299554621927668
MTRES1	0.2026990097138905
NOTCH2	0.20253391688531397
FAM107B	0.20248338902010468
NRIP1	0.2023939862935465
PSMB3	0.20206914689715938
CTNNAL1	0.20175704688863003
SCCPDH	0.20129904204228075
TP53BP2	0.2011035022922557
TLE1	0.20047818723770722
TPM4	0.20044421525070244
PAFAH1B3	0.20036875750996969
NFKB1	0.20004664940426353
SNHG5	0.19997782302307693
CTSL	0.1998265214348474
GPBP1	0.19957097617896502
ZBTB38	0.1994441277077469
COX6B1	0.19899395229881858
RPS7	0.19888662392321277
MDFIC	0.1981486761668065
RELB	0.1978060658047536
WIPI1	0.1976408336075023
LMNA	0.19756507001722015
DHRS4L2	0.19755479220059322
SH3KBP1	0.1972364187309298
PLSCR1	0.1970899794668264
YWHAZ	0.19692848737085775
RAB8B	0.196516777696669
ZNF322	0.1963864967605739
ETS1	0.19636631354023348
ACTB	0.19595632515757228
ANTXR2	0.19580768402836993
TMEM189	0.19570451670899314
RNF6	0.19567640428193925
SIVA1	0.19549234588151085
PCID2	0.1952548862260458
DCBLD2	0.19499948324401695
FDFT1	0.19470884879258826
ANXA2	0.19470137408973137
RPL21	0.19468862362267533
RIOK3	0.19442217583369314
RPP21	0.19423007881028395
RPL5	0.19421492918338304
DSTN	0.19376806177760206
CCDC6	0.19334045577942885
CAPN2	0.19332743745877073
MAD2L2	0.19323763666204827
BRI3BP	0.19307128624930453
TLE5	0.19300526756647346
MSMO1	0.19275982016942517
SRSF10	0.1926762825478697
RPLP0	0.1926574074565056
CREB3L2	0.1922985093617012
CDC16	0.19208832318216787
RFC2	0.1919331052998483
ATP2B1	0.1917154589047214
CASP4	0.19143258534648458
ITGB1	0.19141270755980894
JAK1	0.19140676396732414
MCM6	0.19140299716879178
CYTIP	0.19089457321460154
TNFAIP8	0.19071726606255265
SYNJ2	0.19064705814259575
RASGEF1B	0.18999487683629007
MEAF6	0.1898321258635468
RAP2A	0.1898236441325272
TMEM161B-AS1	0.18975783811626484
PLAUR	0.18973721896480086
MAPKAPK2	0.1895207151935959
CD47	0.18948098152286053
RHOBTB3	0.18838464516863887
TSHZ1	0.1881294862244514
NAMPT	0.1879524880311764
ANXA5	0.18789727503299086
RPL41	0.1877680540965326
IER3IP1	0.18696119721491516
NDUFB10	0.1867561106254338
FAM126A	0.1865446706808089
UBE2E1	0.1863231511415154
TUBA1C	0.18614623192811353
ARID4B	0.1860972530513163
CAST	0.18596676802874332
KLF9	0.18582394032258462
CHST11	0.18572072739247272
ADK	0.18566339492724748
RCN1	0.18556259841396072
SRRM1	0.18553301985376325
PGP	0.18545518762106294
RND3	0.18527292347252972
CUTA	0.18519223160385906
CD55	0.1850904751496594
ARF4	0.1847423470810526
TPM1	0.18468531621040368
TBX3	0.18453985827841263
SMS	0.18402445154320535
KRT19	0.18386819879727015
SIPA1L1	0.1835918471717708
HIVEP2	0.18355720776935275
RPS27A	0.1835563600037483
WDR43	0.18303531883784754
CARS2	0.1824615653610856
CDC42EP3	0.1823005776392183
EMP3	0.18212081228866156
PSMD7	0.18205007152711872
SRGN	0.1818876306305206
RAB7A	0.18167269553032311
ITGA6	0.1809304730776436
LIG4	0.1808794746936406
USP53	0.1808248444079304
DAPK3	0.18023919388766868
ASAP1	0.1802323951153157
RPS21	0.18021536927974988
TGDS	0.1799908104276355
QKI	0.17995044848095684
SLC16A7	0.17961015421975865
HMGCS1	0.17911187395270245
MTIF3	0.1785552540544975
CHMP4B	0.1784305312424315
TMEM265	0.17793537993954125
MAP3K8	0.17747574003062055
OSBPL8	0.17722842227951444
ETS2	0.17711295439352492
RABAC1	0.1770332158567288
LRRFIP2	0.17653361668256548
HNRNPD	0.17617323728611958
IL6R	0.17608346028194094
GPX4	0.17604576819131595
NCAPD2	0.17597938751721054
TNIP1	0.1759055479524658
EIF3J	0.1758875540510287
UBE2E2	0.17577838099153062
DNTTIP2	0.17566177517238943
BEX4	0.1756565207547288
ZNF358	0.17559110357488988
KIF20B	0.17556241479994888
PTEN	0.1753978139250006
GNL3	0.17536519384894797
NEDD9	0.1751212522839591
RIPK2	0.17510583278337707
S100A10	0.17498282373285665
RPL17	0.17463259464473505
GSTP1	0.17427571746750228
ARRDC3	0.17398163037613582
RPS28	0.17351318207136004
CALM1	0.17347185348733304
FXYD3	0.17317510468209882
HIST1H2AC	0.17287725398982604
DDX21	0.17280862435591518
SKIL	0.17274141802477724
FAIM	0.1727285819628861
SNHG1	0.17270637850178375
TSC22D1	0.1723800535428313
NFIL3	0.1723738465240642
NFKBIA	0.17234816074471115
ELK3	0.1722898768728708
CREBRF	0.17212779899043848
RPS23	0.17212142719186893
LRRFIP1	0.17209790130103406
RAB22A	0.17203854013152947
PRELID1	0.1715711569297364
CCNL1	0.17119124927931206
CEMIP2	0.17098553665230332
IFI27L1	0.17084220679402035
MSANTD3	0.17077470125174718
MED10	0.17059001110208985
KHDC4	0.17048406154174797
EIF1	0.17039356240074355
ST14	0.17034491854612116
RPL7A	0.17031248687768621
FHL2	0.17030221239256238
PRRG4	0.16978803963712538
TFRC	0.169391511482377
TM4SF1	0.1692692334214944
SLC38A2	0.1689153671384029
SMURF2	0.16885192035270905
SNRPE	0.16871069737366623
JARID2	0.16866582669093189
P4HB	0.16856773732880415
FUS	0.16821078251658142
RPL38	0.16819029653344233
ZFP36L1	0.1681900551068404
UGCG	0.16780105863691738
GID8	0.16780079043638824
FOXP1	0.16765784473511694
TANC2	0.1675796256841712
FERMT2	0.1673510636525262
ADAM9	0.16706193244976464
ACO1	0.16693478980253887
LIMA1	0.16676237814818404
SNRPD1	0.16657626261443007
KDM7A	0.16643240051919136
LGMN	0.1661528082824793
MAP1LC3B	0.16578601349612007
UBL5	0.16566655219766507
NBL1	0.16563259140152656
NDUFS5	0.16562271838529072
GTPBP4	0.16560179195959346
RPS5	0.16557127252070145
SPART	0.16508840541130396
XBP1	0.16482079752943943
CHSY1	0.1646913035453798
TMSB10	0.1643746022833201
RPS3A	0.16430798724308518
OPTN	0.16429485726002002
NDUFAF2	0.16411484824051775
CBLB	0.16407265913253127
SLC7A11	0.16399129438199075
CRIP1	0.16394070150955714
PNN	0.16377333326369473
ILF2	0.1633415663829116
POMP	0.16320429527228272
NACA	0.1631937660255274
AKIRIN2	0.16317289707201232
SRGAP1	0.1628523008788122
SNHG8	0.16260296445943445
FAM214A	0.16246032723742496
ISG20	0.16223333240801274
ST8SIA4	0.1621583879481264
HSF2	0.16207027186325745
C18orf25	0.16206145325815555
DSP	0.16187293162089755
ELF3	0.16180996188172705
PDLIM1	0.161805019800219
CFLAR	0.16169212777843534
SNIP1	0.16146249825870637
CNN3	0.16135776940417407
NUFIP2	0.1611574802578462
PARVA	0.1610505440996107
MAP9	0.16075757027298826
NPM1	0.16044518526691337
HIST1H4H	0.1603272604149593
PPP1R10	0.16024488801888906
MYL6B	0.1600328228472242
LMO4	0.1599354129025005
ARL8B	0.15969016814957546
FNBP1	0.15952024715973676
ARGLU1	0.15942890917149702
STK10	0.15936590967490785
ARL6IP4	0.1592644758013213
ING1	0.15912863737630709
CDK6	0.15906242067301363
RASA3	0.15902960326292248
FAU	0.15894552475722037
TOMM20	0.15890962656398078
HERC4	0.1588965620775905
SLAIN2	0.15874897679898892
SYT11	0.15871054024892065
RPS13	0.15831166599904392
TARS	0.1582935167314445
GABARAPL1	0.15826900950876396
IPO5	0.15817670294184472
METRNL	0.15813143032567165
ATP5MG	0.1581151622201586
SMAP2	0.1581048716122718
RRP15	0.1577984296521749
TOR1AIP1	0.15769412431829577
ANXA4	0.1574467409331984
NARS	0.15742635737206445
SLC25A36	0.15723365127553005
UBE2B	0.15687171732937175
KIF22	0.15678531143400778
TRIB1	0.15677276895918682
EEF1B2	0.15668954295367915
SURF2	0.15654801344271344
FTL	0.15642155258289636
P4HA1	0.15632115213743814
LAP3	0.15614006239018807
FBXO32	0.15590861217034221
EPB41L2	0.15585234639876078
ATP5F1B	0.15563410053323815
CYTH1	0.1556303649500615
CAPG	0.15543807019843345
PMP22	0.15538829144387842
ATF7IP	0.1553835215469356
MSN	0.15512581838087675
PERP	0.15482381843414356
EIF3G	0.15440120646334696
UBE2V1	0.1543754850899288
RPL36	0.15430157002057057
C12orf57	0.1542516598648286
KLF3	0.1541377489027962
SLC4A7	0.15411234382993833
DDX39A	0.15407130779997014
MPZL1	0.15388389233782893
H3F3B	0.15369219379955626
TPP2	0.15350911057417727
ATP13A3	0.15341756663192072
RPL28	0.15340791343173432
LBR	0.1533826589768431
APP	0.1532561884387572
PTPN1	0.15305331566214847
ZNF217	0.15300293758882982
UBE2H	0.15299730047066312
HEBP2	0.15237372653426096
RPL27A	0.15163215593810128
DRAP1	0.1515789877021622
MYO10	0.15150161246769694
TNRC6B	0.151483821388525
EEF1D	0.15148199293908104
TSHZ2	0.1513547568075982
COX7C	0.15113434017850977
SNRPF	0.15101558666886084
ABCA1	0.1509747283067144
ATP2A3	0.1509671665749858
FNIP2	0.1508121246919577
MIB2	0.1508094644609584
RPL35A	0.1505783402890283
TXNL1	0.15038622707024185
MRPL3	0.15021300411080304
CLK1	0.15009007237698505
RACK1	0.1497212136226539
ZBTB10	0.1496661507097626
SUB1	0.14965717837959766
ARFGAP3	0.14965017493284874
H2AFV	0.1495609810535236
SNX14	0.1495600975135556
LGALS1	0.149447249150618
VEGFB	0.14940616716364413
PLK2	0.14936731352673327
RILPL2	0.14933003915461251
PKM	0.14894863990728816
DPYSL3	0.14882269075040186
VPS37B	0.14861906808725883
CD63	0.14854541192392293
ENO1	0.1484991233205737
HMGA1	0.14831626797586198
SERF2	0.14824982234510425
SNHG29	0.14820189342155027
ARID4A	0.14818203939615698
RPS3	0.14812148942896208
MAML2	0.14811583988349225
POLD2	0.14802502095364856
DDAH2	0.14787782117330214
SLC43A3	0.14781346225420158
CBX4	0.14771830399430222
RPL19	0.14768301960304425
YPEL5	0.14750343683219644
MYO1B	0.14731951384343608
POLR2I	0.1470740623062204
RPL24	0.1469358756087435
MICAL2	0.14686125415800294
RAN	0.14681231571743678
OAZ1	0.14680440202654477
UBA52	0.1466368746756267
SP100	0.14650635359205966
CFL2	0.14639009600757347
TOP1	0.14631003922601352
RPL30	0.14619415381181677
IGF1R	0.14598532607506984
SNRPB2	0.14590958369313323
PRELID3B	0.14583731636160263
RPS16	0.14549037004646534
SYF2	0.14532945896137411
IFNAR2	0.14519619232183575
ERRFI1	0.1449531440719905
LMO7	0.14492115151593735
RPF2	0.14486017433344506
COX4I1	0.14476050748201902
TMEM176B	0.14445512511858657
SNRPD2	0.14429408397344468
TIMP1	0.1442696066857669
SEC61B	0.1442153395492164
CHURC1	0.1442006611340861
IRS2	0.14405079505454196
ABHD3	0.14378045371428227
TMEM123	0.14365569922287974
TSPYL2	0.14342536424711727
RPL15	0.14337886784744394
CDCP1	0.1433399402871276
OXSR1	0.1432503732105375
VAMP8	0.1430104525261569
ARHGAP24	0.14298696831219349
NOP10	0.14296655519393134
FEM1C	0.14295536416226498
RMND5A	0.14283917131246118
RPLP2	0.14282039250790532
YES1	0.14250416957734507
DHRS7	0.14244414611868333
CIAO2B	0.14219599034359925
DYNLL1	0.14212728229590135
EIF4A2	0.14190428896611765
ZFAND5	0.14155448440948942
CALM2	0.14153259939943974
PTMA	0.14148486399706633
PFDN5	0.14092038317535865
CDK11B	0.1408260517271183
CELF2	0.1407674590781854
AIMP1	0.14068034774672672
RPS8	0.14064987629055967
NME2	0.14039791164061338
CD82	0.1401634499130835
DNAJB9	0.14013717030818243
SUGT1	0.14012289236951284
RBM17	0.13998980436271763
PRXL2A	0.13951348001532968
AKAP12	0.13939301357437633
RAPGEF1	0.13938010554065502
TSC22D2	0.13932854037428535
WDR74	0.13931707518216543
FAM111A	0.1389637370124478
HIRIP3	0.138904082777672
SYNE1	0.13883472954580559
SIRT1	0.1386474630613416
HNRNPAB	0.13856153669561314
CTSC	0.13850719824769378
BTG2	0.13819269637063447
PNPLA2	0.13808011338146073
TXNDC17	0.1380295202931375
HRAS	0.13793840580680938
NPDC1	0.1377296606113273
SERINC2	0.13769867430073116
ERO1B	0.13765080965213744
ANXA11	0.13753245731564526
RPL8	0.13730218274064984
YWHAH	0.1372892662154596
GADD45A	0.13707616883800905
GLRX3	0.13694833414545687
REL	0.1369347209432024
GMNN	0.13692960546699512
CLINT1	0.13680870407079015
NGLY1	0.13671848312382756
STMN1	0.13668104221623095
PITPNC1	0.13667173454375536
SARS	0.1364555430588369
LYN	0.13644440719498072
NDRG1	0.13637145691919875
PPP1R14B	0.1362662129383759
AMD1	0.13608034001430053
LMAN1	0.13605093841167154
MYO1E	0.13596131055973756
SEC24D	0.13589621306352506
C4orf48	0.13566759726058542
DHX32	0.1355420993842097
CCT3	0.13544266562683616
RPS27	0.13534977086251862
SERPINB9	0.13518966083523615
RPS11	0.13511132583907262
ATP5MC1	0.13505490025497874
SNRPB	0.13502639569835362
MCM7	0.13500696045763158
SNHG15	0.13499455440518374
BIRC3	0.1349016012731744
NOC3L	0.13473455387942837
APRT	0.13427255824520734
RASAL2	0.13413847803596202
RPL13	0.13409643371802416
UBE2R2	0.13403975489008405
EBP	0.13401449065082227
PLOD2	0.13377624787316528
NME3	0.13331312349766566
EPS8	0.13285046413921817
MCL1	0.13273792291173633
C16orf72	0.13267160276445694
RRBP1	0.13253451766735025
TMA7	0.13245444604625273
LACTB	0.1322757209442395
RPS25	0.13196793382912725
DPY30	0.131727197605924
RPS15	0.1317175943608882
VIM	0.1309779542708281
SLC20A1	0.13075195766666697
HINT2	0.1307316797729152
NXF1	0.13065059294897152
BRD8	0.13054833054309664
ELOB	0.13037784588927112
TOMM5	0.13031059215464533
FMNL3	0.13012238230934814
AC068587.4	0.1301207517347039
MIF	0.13008832657192013
ITPR1	0.1298584785012634
VDAC3	0.12985237529944568
BZW1	0.12979877019942937
NEAT1	0.12960192376102372
TPT1	0.12956812676543678
CCDC50	0.1295487939433114
THEMIS2	0.12930739811874817
TOB2	0.1291604580593283
CCDC59	0.12907145645978613
RPL4	0.128852266981508
UBE2J1	0.12790328625978942
UBC	0.12782261227850647
CYTOR	0.12762720632371363
NAXE	0.12758071063008591
RPS4X	0.12721035314444837
ARPC5L	0.12702814389410577
C1orf35	0.12683013398310145
SSBP1	0.12672046816487856
PHB	0.1266725257801785
STOM	0.12666784539365822
SELENOH	0.12647461618625205
CD59	0.12630589300630826
ARID5A	0.12619817957974722
CDV3	0.12583704711697194
CYLD	0.1255895440520853
YTHDC1	0.12546626481001802
TNFAIP3	0.12539637305151288
YTHDF1	0.12524312975689175
CYBA	0.12499069216089828
TRMT6	0.12496139895978155
SVBP	0.12491812253269807
CDKN2AIP	0.1248619402523708
NUDT4	0.1246264866386826
TCEA1	0.12454203653451834
FGFR1	0.12438220562432621
SRI	0.12431983205124461
BRD2	0.12400289166017787
DBF4	0.12388779054527013
CCT8	0.1236070877087769
LAMP1	0.12348925153199833
CD99	0.12338086083181818
TMSB4X	0.12326304654296079
BHLHE40	0.12318759399267254
TMEM258	0.12311761539000515
SLC7A5	0.12302574208215192
TMEM107	0.12295077727825314
TYMP	0.1227996928923006
PSMA6	0.12261515151249791
GFPT1	0.12254658079283097
MT2A	0.12228919695360516
SMAD7	0.12221719154304239
JPT1	0.12214102204114967
RPL27	0.12210825017657528
RPS19	0.12203124894517135
PARP14	0.12185613758139094
RGS2	0.12172719453962981
SCML1	0.1210460769675272
MXI1	0.12102986227750702
IFRD1	0.12102501168634631
PAG1	0.12085373840319619
SELENOK	0.12079586495700513
PABPC4	0.12077754851366933
GPATCH4	0.12068422297010042
RPL37A	0.12067820644062063
RPS27L	0.12010559459171233
PDE4DIP	0.11977966827272825
CMTM3	0.11967480030907386
IRF2	0.1196424315086653
UTP14A	0.11912829764070129
SPTBN1	0.11910549699914118
HSPA4	0.11887317583206035
RPS15A	0.1188718430121288
WDR83OS	0.11883940872408032
GAA	0.11873161962045144
ITPRID2	0.11863246597552934
ATP6V0D1	0.1184662405312393
C1orf52	0.1181494962555707
NDUFB9	0.11791216615813971
BAX	0.11780229402587408
EHD4	0.11778380164038924
ENY2	0.11774842666112458
METAP2	0.1169315678052157
MAT2A	0.11623927423962457
RPL18	0.11583789522664822
ATP5MF	0.11582088019448808
SLC3A2	0.11565497881960261
ARL5B	0.1155956993098654
DAD1	0.11504850356447435
MRPL9	0.11494577537396987
LDHA	0.11494117317581637
TBCB	0.11443783495394445
CWC25	0.11440785934242163
COMMD4	0.11433118341168473
SERTAD2	0.11412915003990069
TRMT112	0.11406479756295118
CKAP2	0.11405300433015535
PIP4K2A	0.1140155949340304
IVNS1ABP	0.11400035494921693
ACSL4	0.11388511053781801
RAI14	0.11382219774747722
RPS24	0.11376818511864915
H2AFJ	0.11370271439174516
GARS	0.1136448291853187
EDF1	0.11350681096758214
BCL10	0.11350355081344317
NT5C	0.11347209594946002
SLC25A37	0.11338558199625848
RPL36A	0.11335892968875944
SKP1	0.11332682477266315
POLR2L	0.11287106400096143
DNAJA1	0.11260547548995976
CD9	0.11257884953360811
TMEM54	0.11245119122049865
GSTO1	0.1124455627145191
ZNF267	0.11242021928057853
NDUFA12	0.11231649790448081
PNRC1	0.11211231006205999
ATP5ME	0.11198889928921006
PIK3R1	0.11197116734040656
MBIP	0.11183141006971443
SERPINH1	0.11163289907662659
EIF2AK3	0.11154385543745501
NABP1	0.11151734965778407
ID4	0.11139943615681402
SOD1	0.11129210254891982
ZFP36L2	0.11123288094781002
HSPA9	0.11098716943367061
DNAJB6	0.11010380717362467
EID1	0.10997389234664828
COX20	0.10972734558959174
S100A2	0.10969270657282808
SEPTIN10	0.10968495164341262
GLA	0.10968421796440811
MRPL52	0.10963944847352168
PARVB	0.10949919501816252
SWAP70	0.10947456043105916
SAT2	0.10942249510758217
DUSP5	0.10940739076529862
C12orf65	0.10936199330429917
MYL12B	0.10919475633451003
FBRS	0.10908807115142974
F11R	0.10895003991144046
RGCC	0.10889116956939453
METTL5	0.1087446302488779
COX7B	0.10853009589195094
MRPS36	0.10820216763330724
CDK17	0.10798919066106394
IL32	0.1078470840111281
OTUD6B-AS1	0.10774138171549057
NDUFA3	0.10755637945231569
NOP56	0.10744434854050589
ROMO1	0.10711855197441789
INO80E	0.10707274141682417
THBS1	0.10696221103735208
UACA	0.10676768136207992
PFN1	0.10671148080767066
HSD17B10	0.10670540188136984
COL18A1	0.10666045931338203
MRPS21	0.10662257883015185
PLIN2	0.10635179390403059
TKT	0.1057185986296812
PPP1R15A	0.10563639694115567
CFAP298	0.10558294262689251
MED29	0.10553841567270891
ZFP36	0.1053339740548853
SEL1L3	0.10525502462639424
LGALS3	0.10517280781590232
CCT4	0.10508718016927435
GCLC	0.10507307645523593
ANAPC11	0.10461619911859378
PPP2R5C	0.10460314444127876
YPEL2	0.10452389653006196
NDUFAF8	0.10448683273096346
MARCKS	0.10422610269437999
ARAP2	0.10418920511093964
ADGRE5	0.10410510717507014
ULK1	0.10409617421443339
KRT18	0.10406812365032801
PSMB6	0.1040154101978792
RPS20	0.10395963561569874
MBNL1	0.10393541594097265
ITM2B	0.10381186200651538
ATP5F1D	0.10373570764087008
L3MBTL3	0.10370657857910405
RPL26	0.1034276982520216
TRAM1	0.10336733726088336
POLR2A	0.10334921065922817
NIFK	0.10295254804959969
CKAP5	0.10279188378414893
APOL6	0.102657834824031
LAMTOR4	0.1026025911562511
SBDS	0.10253638155013697
HDAC7	0.1024864290468148
SP140L	0.10246350102121292
UFM1	0.1023106322047014
ID1	0.10224667158216802
TCEAL4	0.10208869133401356
LY96	0.1020363425301594
ACOT13	0.1019969384848787
MRPL41	0.10196991876568402
NDE1	0.10182648043952437
HMGN2	0.10176801899041306
ATP5F1A	0.1014927840354529
SARAF	0.10136981625087402
HCLS1	0.10129513014068596
CST3	0.1012546129912947
MRPL51	0.10113929233372856
ANAPC16	0.10108661397814031
TRIM47	0.10103847575119161
CSRNP2	0.10077475413430176
PDCD5	0.10073839397790461
BEX3	0.10032283158378943
SLC12A2	0.10024855713410105
BTF3	0.10017935468778921
RALGPS2	0.09964488661588229
REX1BD	0.0996209853255231
DCTPP1	0.09957625493137554
EMC9	0.09904805616415933
SELENOS	0.0990151288206086
BOLA1	0.0988236345984098
IER2	0.0987943970580417
TMEM160	0.09872009987529286
MAN1A1	0.0986647386298553
NDUFB11	0.09854663146336172
TOMM6	0.09806812811660222
STIP1	0.09803826540046617
CD320	0.0979217207649231
AKAP17A	0.09760646152959404
UPP1	0.09750854202957586
RNF181	0.09750454042919439
CBX3	0.09723259659854283
PSMD13	0.09714364089702479
PCNA	0.09714337201494799
MXD1	0.09670588709341825
NDUFA7	0.09659953455044366
WASL	0.09651891241546338
UQCC2	0.09626467947131218
TXNDC11	0.09616874102081566
SRP72	0.09612599741804165
PSME1	0.09518195075638847
CD53	0.09500607965804972
RPS17	0.09497538888821778
PDCD4	0.09494304785434655
PLEKHF2	0.09463641941931035
ABLIM1	0.0942898595555519
HDGF	0.09400780287410389
HSPA8	0.09375871096650533
SNHG17	0.09367291244018637
DYNLRB1	0.09354787118358733
LCP1	0.09352084289019716
TTC9	0.09325277643661768
RPL34	0.09285830515802447
IFIH1	0.09285721564682184
LSM6	0.09279185059941034
PREX1	0.09248845043427627
MRPL13	0.09245828657117372
MAFF	0.09222118346646316
SNX3	0.09221984372894838
NUDC	0.09155930776595181
ST13	0.09132798451491089
PHPT1	0.091190445989939
FNDC3A	0.0911253767365298
SEC61G	0.09112491851542956
RDH10	0.09110616541107641
G2E3	0.09093006269658264
APEX1	0.09062647145371418
RPL22L1	0.08992902805312689
CTSS	0.08970550640916526
NONO	0.08856498585939257
FKBP5	0.08825617241001885
SSR3	0.08816843167723808
CFAP20	0.0881279693250856
CSRP1	0.08808899607323292
RPL18A	0.0878779922334275
HTATSF1	0.08784282766581071
PLCG2	0.08776083366391652
REXO2	0.08745224460490894
CREM	0.087425040620818
LBH	0.08721603489283423
HNRNPA1	0.08719335832013256
CNST	0.08709210090981241
RPL13A	0.08703666002544863
DOCK10	0.08702986976331814
RPL35	0.08664364520538764
MRPS24	0.08646080225810328
PLEC	0.08644688809975995
NDUFB3	0.08629401743862018
IRF1	0.08585294111512712
RNF7	0.0857019526437183
RPS18	0.08492538908800301
FERMT3	0.08482877865283307
SEL1L	0.08448527395325452
CCT5	0.08406553819973087
MAP2K3	0.08380495364217774
FAM162A	0.08349499718083382
DERL1	0.08317243807009618
TIMM10	0.08282470955699303
RUNX3	0.08280460756217448
PRKCH	0.08277680936743337
CLTB	0.08273839043075654
NRIP3	0.08268556889449027
ZNF134	0.08263226242671487
NCK2	0.08244616650776079
TGFBR2	0.08231140847502527
ZC3HAV1	0.08225836052154131
ARID5B	0.08225407179082384
BLOC1S1	0.0820706725869855
MRPL36	0.08203742560008048
C19orf53	0.08194154120796308
SERTAD1	0.08189377276178356
NDUFB8	0.08137360081005109
JTB	0.08129794148597855
CLEC2B	0.08129573118348148
UQCRQ	0.08115972209115635
PSMA4	0.08080934219868785
KPNA2	0.08075306318367237
SERPINE2	0.08054191036135223
GAPDH	0.0799516232199523
SLC12A7	0.07984085523716103
C18orf32	0.07965019679376101
STAT1	0.07946135310137513
NCOA3	0.07936117339827302
APBB1IP	0.07916313448822239
MAP3K1	0.07907362185365358
BIRC2	0.07905260686342977
MRPL55	0.07886640343705097
ARRDC2	0.07871507448378091
SAMSN1	0.07849801411308642
DOCK2	0.07842967540663963
TIA1	0.07832832327567515
TXNDC5	0.07779222605262892
HSPB1	0.07774356841166408
UBB	0.07761099455589919
PFDN4	0.07749710164909691
KLF4	0.07741334023907714
NOP16	0.07714500961861062
RBM3	0.07696519762400049
TACC1	0.07691918376689912
HLA-A	0.07682408034331924
PPM1K	0.07658325597117095
TSTD1	0.07631592027951054
H2AFX	0.07625566672903647
CCPG1	0.07582082054770019
SPDL1	0.07551914041412647
PBDC1	0.0753089250460315
ZFAND2A	0.07507020244907886
RESF1	0.07489379765681398
DOCK8	0.07445664155104867
BANF1	0.07415301116401453
ANP32E	0.07401892739265452
FEM1B	0.07380838951934704
SAP30	0.0737244750993684
UQCR10	0.07331560619868885
HLA-B	0.07324762903324422
PSENEN	0.07294954445554006
SCOC	0.07260111489987182
GTF3C6	0.07239278526279253
MGAT4A	0.07230239478603466
UBALD2	0.07212283441294223
HSP90B1	0.07132436007988603
TCP11L2	0.07126045375801401
SH3BGRL3	0.0709797266705367
RAB13	0.07076795000667814
PDLIM7	0.07034331292609118
NT5DC2	0.0703120386726524
ICMT	0.07009331022627613
RPL23	0.06989456378621775
CHPF	0.06978755238201999
MEPCE	0.06974209400749086
EDEM1	0.06969054565187106
UQCRB	0.06966654203576512
ZNRD1	0.06891038609300304
TXNIP	0.06874073563251303
JAG1	0.06840323597300393
SH3BGRL	0.06811297971218586
PTGR1	0.06800665417257756
EML4	0.06755661261552134
FOS	0.06700459012821887
UBE2L6	0.06683914074555701
SEC14L1	0.06679506006434072
RPS12	0.06666819302311594
CHMP2B	0.06663664185766745
AHSA1	0.06619716318749728
DNAJC15	0.0661004244182957
CITED2	0.06572428711206162
ARNTL2	0.06570283170011063
ARL6IP1	0.06537722353370479
CKB	0.06533786373644804
NFKB2	0.06512527301478108
MRPL57	0.065110102990573
WIPF1	0.06471609432589805
POLR2H	0.06449195745868662
ARL4A	0.06445032661046214
HERPUD1	0.06444249681122102
ACP1	0.06429435089789713
ARHGAP18	0.06405631348038802
STK4	0.0640562078881009
UCHL1	0.06392123462685735
IRF7	0.06362849887298583
SERPINB1	0.06350786539340944
SELENOW	0.06348427108337153
THEM4	0.06328629231884597
DNAJB1	0.06327227116919244
NQO1	0.06309663428187627
MRPS18C	0.06297836769495523
RASSF5	0.06291690851242009
FSCN1	0.062829383067023
EIF4EBP1	0.0627735911317438
NME1	0.06255803155221766
DDIT3	0.06244571807035973
RPLP1	0.06234136213546125
PHYH	0.062068468323316986
OST4	0.06206098269704863
IFI27L2	0.06193535168353333
RHOC	0.06146797448253252
SERPINB6	0.061403891786226274
SNHG16	0.06118421872027702
SEC11C	0.060538914062636395
TIMM9	0.06026167728910947
CNOT6L	0.06011957159552026
ERLEC1	0.06007752431015915
MRPS33	0.05947681732430392
ATM	0.05947661829264889
PELI1	0.05941518001327818
SNHG19	0.05905985696707814
POLR2K	0.059045603759651386
SSR4	0.05902224880207597
GMFG	0.058730215421581494
TTC39C	0.058713496227316565
SMNDC1	0.0582029091272308
STX7	0.058171627160193314
KDM6B	0.057830719254729324
RTL8A	0.05768634971194167
GUK1	0.05763635805522237
ZBTB7A	0.05760649427604658
CMTM8	0.05741850587912629
IAH1	0.05714182377908405
SSNA1	0.05712948221882813
METTL26	0.056677852905616055
HSP90AB1	0.05623336880921305
PSMB4	0.055710437716576904
SQOR	0.055283223395129956
PLEKHA2	0.053977699778722056
NUDCD2	0.05395125736605731
BLVRB	0.053399018569086985
STK17B	0.052988703313545375
TMEM154	0.052980146066622574
BCL2L11	0.05272673317358976
PLP2	0.05270043092330503
GTF2H5	0.05266391822761215
PHLDA2	0.05244788656864257
SEPTIN6	0.05220567864875239
KITLG	0.051867375782836005
COPS9	0.05184474293354198
RGS1	0.051771258094938453
DGAT1	0.05158818808459088
TCEAL9	0.05136283502286541
TIFA	0.0504157548115426
CYFIP2	0.05023816454205455
SKI	0.05021004855858934
IFITM3	0.04993169900438594
ZNF426	0.049736870268821766
SLC2A1	0.04964190050212157
RNASEK	0.04954616137912833
BAG5	0.04924135566027525
TOB1	0.04897346269243339
SNX2	0.04875507290040881
BUB3	0.04873172307879117
TXNDC15	0.04843344762737767
HSBP1	0.0483883956841286
KLF2	0.04830844046112787
ERF	0.048029224289325156
EHD1	0.04788577004209829
DGKZ	0.04784695149119307
CDK2AP1	0.04778673451533874
RALA	0.04726182078229092
EPB41L4A-AS1	0.04682370498159157
ATP5MC3	0.04676462747304107
ID3	0.04595913787688514
MIEN1	0.04537749233625307
IQGAP2	0.04525860439523822
TRIM38	0.04517814259379341
KRTCAP2	0.04506970365518524
ZNF622	0.04476768289451056
DOCK9	0.04439054915366188
C17orf49	0.04426614381946298
MZT2B	0.04397750875296652
ENG	0.043753208036253
COX6C	0.04318905993237859
HSPE1	0.043042929235633215
SLC39A4	0.04267830170202366
ISG15	0.04256657115749077
CALM3	0.042322423192969194
MIDN	0.041976946067813437
SLC41A1	0.04188978536009225
TNIP2	0.04125487051171905
TYW3	0.041219935168871125
MYC	0.04108519944952597
SDC4	0.04095634103762
DPM3	0.04084304009785625
ATG12	0.04037688822933539
RIPOR1	0.04035745806742221
MOSPD1	0.04031335482371988
USPL1	0.04024413288257936
RALBP1	0.04005987304171976
ID2	0.03996786753237241
PLK3	0.03967880814302746
GLTP	0.03962696885345749
BTG1	0.039558011466971826
COPS6	0.039488448448902876
HSP90AA1	0.03932773910078896
MRPL4	0.03905113215138078
ATP6AP2	0.03884065959914026
KATNBL1	0.03839293348022884
UBAC1	0.038183437635338435
ALAS1	0.037982237097400555
CISD1	0.037639868590077945
TCP1	0.036957470936472975
CISD3	0.036946052784617406
BAG3	0.035399147158111675
HMOX1	0.03529263274899465
DUSP23	0.035282600249533995
DUSP1	0.03501513230180266
RGS10	0.033945376891399856
ALKBH7	0.033614660900652724
ZYX	0.032540553678782745
HIST1H2BC	0.03183573245863588
MOB4	0.031632575964991166
LEPROTL1	0.03160500103907855
ARHGDIB	0.030807997516483148
PARP8	0.030238629913166996
RIPOR2	0.03011903102626056
PRDM1	0.02997144532725078
SATB1	0.029243280208667417
PA2G4	0.029079597715379497
FUT11	0.02856102005190871
CASP8	0.028209915177900134
NOTCH1	0.025174278414819694
EIF6	0.024998745721660748
SLC6A6	0.02492535371288793
MDH1	0.024607809058459332
KLF10	0.023827619305764124
ERAP2	0.0233272815512157
CHCHD10	0.023175021655542864
IFITM1	0.022786192029299955
EMC6	0.02275299429710533
GIMAP1	0.02191260806522029
IKZF3	0.021534273002360778
RCSD1	0.02115525758006983
DNAJB4	0.020202745413182115
FXYD5	0.019834624451172032
S100A13	0.01959017507342747
TP53INP1	0.01843407459530451
KCTD5	0.01686306434032595
HSPH1	0.01570778497517603
SKAP1	0.015673845429984814
TRMT10C	0.015324466464985675
EIF5A	0.014954494318569659
POLE3	0.014865016017924244
CDC42SE2	0.013603174719861985
PNP	0.012756441602357177
MT1E	0.012561280000440525
ARHGAP25	0.011986124688816376
SIPA1	0.011157187038744899
TMEM208	0.010523271890886313
NR4A1	0.01005507294530885
RNASET2	0.009876695225865087
GPR155	0.00934711370461893
CACYBP	0.009075886226683854
WARS	0.008975294351532473
CD74	0.008617997660649775
IRAK1	0.008266537870454824
ATP10D	0.008180572637341824
C1orf21	0.007809552078342233
STX4	0.006522782489546652
HMGB3	0.006230267671492832
HERC5	0.0056082178331389185
TCTA	0.005593238596874549
LACC1	0.004854440059417969
PSMB9	0.00363491563240617
CENPX	0.00356960576190531
ADRM1	0.003241290000482992
PLXNB2	0.0030072067433820552
HLA-C	0.0029469804014812945
NEU1	0.0029309967980026283
DUSP3	0.0028822740388823632
SORL1	0.0027665773387283814
LAPTM5	0.002750698262914383
EXOSC4	0.0025883949192522103
TRBC2	0.0025570733310517533
PTTG1	0.002217218304055472
ATF5	0.0021692726874587955
FMNL1	0.0019661835207326847
AKNA	0.0018238640736006225
DYNLL2	0.0015204496493126422
MYL12A	0.0012233829023284716
IRF2BP2	0.0011846698936381714
MFGE8	0.0010580656080418623
NCKAP1L	0.001000365474010384
RELT	0.0006026408132784443
ATF4	0.0004299927512041377
ANGPT2	0.00037141957238134214
IKZF1	0.00011893984665185472
ING2	0.00011202576355473804
BCL9L	7.211256475460216e-05
SAMHD1	5.1392650628276426e-05
LINC00861	2.4811668146633323e-05
CD3D	2.020738857432437e-05
CD48	1.7007647786107414e-05
DUSP2	6.4721358405384765e-06
CTSH	3.051139291038351e-06
CLEC2D	1.7268577804383115e-06
MRPL18	9.168928249637234e-07
GADD45B	1.3252024647399592e-07
SYNGR2	4.8611819633240545e-08
CHORDC1	2.14875816386471e-09
SMCR8	1.4111543608276635e-09
EVA1B	9.504198585704662e-10
MRFAP1	5.261283168672482e-10
HLA-DRA	4.666702755806111e-10
NCF1	3.846192390302482e-10
CD84	3.177902513211845e-10
NMB	6.591919254191057e-11
TNFRSF14	1.7239158393840896e-11
MT1X	1.7045038259235338e-11
IFITM2	6.657750821936846e-12
PPP1R9B	5.094693672941298e-12
ALOX5AP	2.874801418015057e-12
PIM3	2.487011535660575e-12
CD3G	8.848950921737697e-13
TNFRSF25	4.4909270021380574e-13
IL2RG	1.2936717651749362e-13
GPR171	1.2821296436467223e-13
CD3E	5.303234478910653e-14
LSP1	4.8622144197942566e-14
GIMAP4	4.727978768963321e-14
CCL5	3.063859939924004e-14
FKBP11	2.4883731358420764e-14
PBXIP1	2.428437218656087e-14
SOCS1	1.0592652350532074e-14
CCL2	9.655879439496115e-15
SPINT1	9.35272475848352e-15
IL7R	6.757712676348133e-15
IL1B	4.3978672383235786e-15
PLAAT4	1.315077520186016e-15
SPI1	5.0386536648728915e-16
TNFRSF1B	4.91576632334539e-16
EGR1	4.789974770274604e-16
KCNK6	1.981979798603527e-16
RASD1	5.1866246876306357e-17
APOBEC3G	3.9368313579431226e-17
RAC2	3.146153376424929e-17
CD2	1.3114427667313096e-17
VAMP5	7.498585149007781e-18
PLEK	2.7248995186700857e-18
SAMD9	2.5095139851246723e-18
TMEM176A	2.2203595244658695e-18
MMP14	1.7958723561393415e-18
ACAP1	1.3831277628945999e-18
SPOCK2	4.868145082645443e-19
CXCR4	2.9476041660488453e-19
HILPDA	8.687814958575615e-20
CD96	2.3853069949195825e-20
MYO1F	1.2879889025699675e-20
ARHGAP45	1.0453306596085333e-20
MANF	3.0447484576260517e-21
KNSTRN	2.8261647624093058e-21
IL10RA	8.513409360545417e-22
GIMAP7	8.370062350748797e-22
BTN3A2	2.280193341436122e-22
HLA-DPA1	1.372396521794411e-22
GPRIN3	9.112790170180584e-23
LCK	6.120532115212211e-23
PDE3B	2.3075781985509392e-23
LINC00324	1.7607228168927635e-23
LARP6	1.2457243342399131e-23
RNF125	1.150446846411609e-23
CCDC115	3.535492766506803e-24
PTPRC	1.164618856574226e-24
ALDH2	1.0250596350596815e-24
PTGER4	3.4118891350827165e-25
CD37	2.2894398033035e-25
HSPA5	1.5687517013161325e-25
RELA	9.016111150642812e-26
TSPO	8.80202271221733e-26
IGFLR1	8.186196244190002e-26
MX1	6.606298073441934e-26
GPR183	5.389204774696498e-26
BST2	3.725069894507992e-26
CD52	3.349041927428402e-26
MAF	3.235819125848801e-26
CCND2	3.1310337131669925e-26
FAM89A	2.4117148537412375e-26
ARHGAP30	1.7068797711768545e-26
TMEM109	1.5767966050042414e-26
UROS	1.0905103183676774e-26
FABP5	6.890819672692545e-27
EMB	6.145328917272326e-27
SOCS3	4.63391949100687e-27
VEGFA	3.773925968765442e-27
GCHFR	1.2307882313500114e-27
TSC22D3	8.448207467113013e-28
FYB1	6.705750656212519e-28
DNPEP	2.234082359641187e-28
CYB5A	1.1060318534631259e-28
PIK3IP1	9.804402190225702e-29
FKBP4	4.317992873375516e-29
DTYMK	1.764591001219353e-29
MAP3K11	8.454350511982722e-30
TNFSF10	3.573301300261874e-30
TCF4	2.1215220719814764e-30
TC2N	1.1246588677114187e-30
NUDT14	9.77538428010849e-31
MT1F	8.510465955032226e-31
DMAC1	7.354577172120478e-31
HLA-DPB1	1.817531395505527e-31
DUSP6	1.1203222753489428e-31
POLR2F	8.714826720766675e-32
CTSD	7.030809564641687e-32
HLA-DQA1	5.742667103881483e-32
CDK9	2.5626855764046397e-32
HLA-DRB1	2.021360578444763e-32
NFKBIE	2.473793954223311e-33
ST6GALNAC4	1.9865947046174554e-33
HSPD1	3.7657300137589148e-34
NUPR1	2.765503680456202e-34
PCED1B-AS1	1.8634789168950744e-34
PPP1R15B	6.838066442310291e-36
ICAM3	1.6290039726190358e-36
SLA	1.0319193440613902e-36
HLA-E	1.541538025373946e-38
DDIT4	3.249146141192856e-41
BMI1	4.921570682846425e-42
PAXX	1.0814587311878876e-46
CD247	1.2542987319069804e-49
ITGA4	2.684457512921171e-50
BCL11B	2.1863189588745016e-50
SLC2A4RG	5.594659682949918e-59
MAFG	6.079733285556235e-60
QSOX1	1.8281876706400087e-66
ARL4C	2.1282306115522835e-73
